"role_id","model_type","model_id"
"1","App\Models\User","1"
"2","App\Models\User","2"
"6","App\Models\User","2"
"2","App\Models\User","3"
"3","App\Models\User","3"
"2","App\Models\User","134"
"2","App\Models\User","135"
"2","App\Models\User","136"
"2","App\Models\User","137"
"2","App\Models\User","138"
"2","App\Models\User","139"
"2","App\Models\User","140"
"2","App\Models\User","141"
"2","App\Models\User","142"
"2","App\Models\User","143"
"2","App\Models\User","144"
"2","App\Models\User","145"
"2","App\Models\User","146"
"2","App\Models\User","147"
"2","App\Models\User","148"
"2","App\Models\User","149"
"2","App\Models\User","150"
"2","App\Models\User","151"
"2","App\Models\User","152"
"2","App\Models\User","153"
"2","App\Models\User","154"
"2","App\Models\User","155"
"2","App\Models\User","156"
"2","App\Models\User","157"
"2","App\Models\User","158"
"2","App\Models\User","159"
"2","App\Models\User","160"
"2","App\Models\User","161"
"2","App\Models\User","162"
"2","App\Models\User","163"
"2","App\Models\User","164"
"2","App\Models\User","165"
"2","App\Models\User","166"
"2","App\Models\User","167"
"2","App\Models\User","168"
"2","App\Models\User","169"
"2","App\Models\User","170"
"2","App\Models\User","171"
"2","App\Models\User","172"
"2","App\Models\User","173"
"2","App\Models\User","174"
"2","App\Models\User","175"
"2","App\Models\User","176"
"2","App\Models\User","177"
"2","App\Models\User","178"
"2","App\Models\User","179"
"2","App\Models\User","180"
"2","App\Models\User","181"
"2","App\Models\User","182"
"2","App\Models\User","183"
"2","App\Models\User","184"
"2","App\Models\User","185"
"2","App\Models\User","186"
"2","App\Models\User","187"
"2","App\Models\User","188"
"2","App\Models\User","189"
"2","App\Models\User","190"
"2","App\Models\User","191"
"2","App\Models\User","192"
"2","App\Models\User","193"
"2","App\Models\User","194"
"2","App\Models\User","195"
"2","App\Models\User","196"
"2","App\Models\User","197"
"2","App\Models\User","198"
"2","App\Models\User","199"
"2","App\Models\User","200"
"2","App\Models\User","201"
"2","App\Models\User","202"
"2","App\Models\User","203"
"2","App\Models\User","204"
"2","App\Models\User","205"
"2","App\Models\User","206"
"2","App\Models\User","207"
"2","App\Models\User","208"
"2","App\Models\User","209"
"2","App\Models\User","210"
"2","App\Models\User","211"
"2","App\Models\User","212"
"2","App\Models\User","213"
"2","App\Models\User","214"
"2","App\Models\User","215"
"2","App\Models\User","216"
"2","App\Models\User","217"
"2","App\Models\User","218"
"2","App\Models\User","219"
"2","App\Models\User","220"
"2","App\Models\User","221"
"2","App\Models\User","222"
"2","App\Models\User","223"
"2","App\Models\User","224"
"2","App\Models\User","225"
"2","App\Models\User","226"
"2","App\Models\User","227"
"2","App\Models\User","228"
"2","App\Models\User","229"
"2","App\Models\User","230"
"2","App\Models\User","231"
"2","App\Models\User","232"
"2","App\Models\User","233"
"2","App\Models\User","234"
"2","App\Models\User","235"
"2","App\Models\User","236"
"2","App\Models\User","237"
"2","App\Models\User","238"
"2","App\Models\User","239"
"2","App\Models\User","240"
"2","App\Models\User","241"
"2","App\Models\User","242"
"2","App\Models\User","243"
"2","App\Models\User","244"
"2","App\Models\User","245"
"2","App\Models\User","246"
"2","App\Models\User","247"
"2","App\Models\User","248"
"2","App\Models\User","249"
"2","App\Models\User","250"
"2","App\Models\User","251"
"2","App\Models\User","252"
"2","App\Models\User","253"
"2","App\Models\User","254"
"2","App\Models\User","255"
"2","App\Models\User","256"
"2","App\Models\User","257"
"2","App\Models\User","258"
"2","App\Models\User","259"
"2","App\Models\User","260"
"2","App\Models\User","261"
"2","App\Models\User","262"
"2","App\Models\User","263"
"2","App\Models\User","264"
"2","App\Models\User","265"
"2","App\Models\User","266"
"2","App\Models\User","267"
"2","App\Models\User","268"
"2","App\Models\User","269"
"2","App\Models\User","270"
"2","App\Models\User","271"
"2","App\Models\User","272"
"2","App\Models\User","273"
"2","App\Models\User","274"
"2","App\Models\User","275"
"2","App\Models\User","276"
"2","App\Models\User","277"
"2","App\Models\User","278"
"2","App\Models\User","279"
"2","App\Models\User","280"
"2","App\Models\User","281"
"2","App\Models\User","282"
"2","App\Models\User","283"
"2","App\Models\User","284"
"2","App\Models\User","285"
"2","App\Models\User","286"
"2","App\Models\User","287"
"2","App\Models\User","288"
"2","App\Models\User","289"
"2","App\Models\User","290"
"2","App\Models\User","291"
"2","App\Models\User","292"
"2","App\Models\User","293"
"2","App\Models\User","294"
"2","App\Models\User","295"
"2","App\Models\User","296"
"2","App\Models\User","297"
"2","App\Models\User","298"
"2","App\Models\User","299"
"2","App\Models\User","300"
"2","App\Models\User","301"
"2","App\Models\User","302"
"2","App\Models\User","303"
"2","App\Models\User","304"
"2","App\Models\User","305"
"2","App\Models\User","306"
"2","App\Models\User","307"
"2","App\Models\User","308"
"2","App\Models\User","309"
"2","App\Models\User","310"
"2","App\Models\User","311"
"2","App\Models\User","312"
"2","App\Models\User","313"
"2","App\Models\User","314"
"2","App\Models\User","315"
"2","App\Models\User","316"
"2","App\Models\User","317"
"2","App\Models\User","318"
"2","App\Models\User","319"
"2","App\Models\User","320"
"2","App\Models\User","321"
"2","App\Models\User","322"
"2","App\Models\User","323"
"2","App\Models\User","324"
"2","App\Models\User","325"
"2","App\Models\User","326"
"2","App\Models\User","327"
"2","App\Models\User","328"
"2","App\Models\User","329"
"2","App\Models\User","330"
"2","App\Models\User","331"
"2","App\Models\User","332"
"2","App\Models\User","333"
"2","App\Models\User","334"
"2","App\Models\User","335"
"2","App\Models\User","336"
"2","App\Models\User","337"
"2","App\Models\User","338"
"2","App\Models\User","339"
"2","App\Models\User","340"
"2","App\Models\User","341"
"2","App\Models\User","342"
"2","App\Models\User","343"
"2","App\Models\User","344"
"2","App\Models\User","345"
"2","App\Models\User","346"
"2","App\Models\User","347"
"2","App\Models\User","348"
"2","App\Models\User","349"
"2","App\Models\User","350"
"2","App\Models\User","351"
"2","App\Models\User","352"
"2","App\Models\User","353"
"2","App\Models\User","354"
"2","App\Models\User","355"
"2","App\Models\User","356"
"2","App\Models\User","357"
